{"mean": [0.1310153305530548], "std": [0.30171436071395874]}